{
  "wikimedia/wikipedia/20231101.de": {
    "CohereForAI/aya-expanse-8b": 2.4974144755680574,
    "CohereForAI/c4ai-command-r-plus": 2.4974144755680574,
    "HuggingFaceH4/zephyr-7b-beta": 3.1795634085128603,
    "OpenLLM-France/Lucie-7B": 2.7991207532550657,
    "Qwen/Qwen2.5-7B": 2.90382185989321,
    "allenai/OLMo-2-1124-7B-Instruct": 2.7920463541578937,
    "bigscience/bloom-7b1": 2.6884569388064476,
    "croissantllm/CroissantLLMBase": 3.4861880779531407,
    "google/gemma-7b": 2.438275867877175,
    "gpt-3.5-turbo": 2.7174367093937914,
    "gpt-4": 2.7174367093937914,
    "inceptionai/jais-adapted-7b-chat": 2.993447758931429,
    "meta-llama/Llama-2-7b-hf": 2.993447758931429,
    "meta-llama/Meta-Llama-3-8B-Instruct": 2.7094359008910374,
    "microsoft/Phi-3-medium-4k-instruct": 2.993447758931429,
    "microsoft/phi-2": 3.259655712577271,
    "mistralai/Mistral-7B-Instruct-v0.3": 3.1795634085128603,
    "mistralai/Mistral-7B-v0.1": 3.1795634085128603,
    "nvidia/parakeet-ctc-1.1b": 4.315282386430629,
    "openai/whisper-large-v3": 2.740201115060048,
    "tiiuae/falcon-7b": 2.8115009516751166,
    "utter-project/EuroLLM-9B": 2.580058616449662
  },
  "wikimedia/wikipedia/20231101.en": {
    "CohereForAI/aya-expanse-8b": 1.3982310275520267,
    "CohereForAI/c4ai-command-r-plus": 1.3982310275520267,
    "HuggingFaceH4/zephyr-7b-beta": 1.6146211752368824,
    "OpenLLM-France/Lucie-7B": 1.5008114552513638,
    "Qwen/Qwen2.5-7B": 1.4221377476499009,
    "allenai/OLMo-2-1124-7B-Instruct": 1.4215510030835299,
    "bigscience/bloom-7b1": 1.3755539742581426,
    "croissantllm/CroissantLLMBase": 1.5767012471443018,
    "google/gemma-7b": 1.3943485262724242,
    "gpt-3.5-turbo": 1.3809220628440881,
    "gpt-4": 1.3809220628440881,
    "inceptionai/jais-adapted-7b-chat": 1.647653645930864,
    "meta-llama/Llama-2-7b-hf": 1.64767237182128,
    "meta-llama/Meta-Llama-3-8B-Instruct": 1.3791118934371995,
    "microsoft/Phi-3-medium-4k-instruct": 1.64767237182128,
    "microsoft/phi-2": 1.3964583099259704,
    "mistralai/Mistral-7B-Instruct-v0.3": 1.6146211752368824,
    "mistralai/Mistral-7B-v0.1": 1.6146211752368824,
    "nvidia/parakeet-ctc-1.1b": 2.3931438273223224,
    "openai/whisper-large-v3": 1.4640400484376366,
    "tiiuae/falcon-7b": 1.4495524512190554,
    "utter-project/EuroLLM-9B": 1.5209480294121318
  },
  "wikimedia/wikipedia/20231101.es": {
    "CohereForAI/aya-expanse-8b": 1.5383225773505174,
    "CohereForAI/c4ai-command-r-plus": 1.5383225773505174,
    "HuggingFaceH4/zephyr-7b-beta": 2.0873181536733116,
    "OpenLLM-France/Lucie-7B": 1.7532315823742317,
    "Qwen/Qwen2.5-7B": 1.8497290258335088,
    "allenai/OLMo-2-1124-7B-Instruct": 1.8630702745488552,
    "bigscience/bloom-7b1": 1.458626170550949,
    "croissantllm/CroissantLLMBase": 2.26073523685504,
    "google/gemma-7b": 1.5613474022865241,
    "gpt-3.5-turbo": 1.8225358585955305,
    "gpt-4": 1.8225358585955305,
    "inceptionai/jais-adapted-7b-chat": 1.9952252373018762,
    "meta-llama/Llama-2-7b-hf": 1.9952571541648314,
    "meta-llama/Meta-Llama-3-8B-Instruct": 1.815680116432716,
    "microsoft/Phi-3-medium-4k-instruct": 1.9952571541648314,
    "microsoft/phi-2": 2.275065908322003,
    "mistralai/Mistral-7B-Instruct-v0.3": 2.0873181536733116,
    "mistralai/Mistral-7B-v0.1": 2.0873181536733116,
    "nvidia/parakeet-ctc-1.1b": 3.199537843824406,
    "openai/whisper-large-v3": 1.8791819069687279,
    "tiiuae/falcon-7b": 1.904287711369425,
    "utter-project/EuroLLM-9B": 1.6609343980798816
  },
  "wikimedia/wikipedia/20231101.fr": {
    "CohereForAI/aya-expanse-8b": 1.586136231175619,
    "CohereForAI/c4ai-command-r-plus": 1.586136231175619,
    "HuggingFaceH4/zephyr-7b-beta": 2.0805805711707306,
    "OpenLLM-France/Lucie-7B": 1.5905920397074582,
    "Qwen/Qwen2.5-7B": 1.8761398033427965,
    "allenai/OLMo-2-1124-7B-Instruct": 1.9298413832434025,
    "bigscience/bloom-7b1": 1.422223893411545,
    "croissantllm/CroissantLLMBase": 1.5804959672112655,
    "google/gemma-7b": 1.6441557464889356,
    "gpt-3.5-turbo": 1.8529395175694223,
    "gpt-4": 1.8529395175694223,
    "inceptionai/jais-adapted-7b-chat": 1.9966221085813483,
    "meta-llama/Llama-2-7b-hf": 1.996634642501269,
    "meta-llama/Meta-Llama-3-8B-Instruct": 1.8492545451127114,
    "microsoft/Phi-3-medium-4k-instruct": 1.996634642501269,
    "microsoft/phi-2": 2.2364774671454626,
    "mistralai/Mistral-7B-Instruct-v0.3": 2.0805805711707306,
    "mistralai/Mistral-7B-v0.1": 2.0805805711707306,
    "nvidia/parakeet-ctc-1.1b": 3.140442572712403,
    "openai/whisper-large-v3": 1.9349677564910037,
    "tiiuae/falcon-7b": 1.8743913215138468,
    "utter-project/EuroLLM-9B": 1.734124223680335
  },
  "wikimedia/wikipedia/20231101.it": {
    "CohereForAI/aya-expanse-8b": 1.6885279064592478,
    "CohereForAI/c4ai-command-r-plus": 1.6885279064592478,
    "HuggingFaceH4/zephyr-7b-beta": 2.2668730065610694,
    "OpenLLM-France/Lucie-7B": 1.8978887248059664,
    "Qwen/Qwen2.5-7B": 2.0686855609275856,
    "allenai/OLMo-2-1124-7B-Instruct": 2.074444197196205,
    "bigscience/bloom-7b1": 1.9323933404810552,
    "croissantllm/CroissantLLMBase": 2.366233083163069,
    "google/gemma-7b": 1.7640779775993094,
    "gpt-3.5-turbo": 2.0160554015873338,
    "gpt-4": 2.0160554015873338,
    "inceptionai/jais-adapted-7b-chat": 2.155867537879554,
    "meta-llama/Llama-2-7b-hf": 2.155867537879554,
    "meta-llama/Meta-Llama-3-8B-Instruct": 2.0103304809877343,
    "microsoft/Phi-3-medium-4k-instruct": 2.155867537879554,
    "microsoft/phi-2": 2.392288552181741,
    "mistralai/Mistral-7B-Instruct-v0.3": 2.2668730065610694,
    "mistralai/Mistral-7B-v0.1": 2.2668730065610694,
    "nvidia/parakeet-ctc-1.1b": 3.3884517090472626,
    "openai/whisper-large-v3": 2.1480724752021256,
    "tiiuae/falcon-7b": 2.005043864085395,
    "utter-project/EuroLLM-9B": 1.7834779735534292
  }
}